{
    "loss": 3.618722915649414,
    "accuracy": 0.6274510025978088
}